ID,Title
pid_90284,"Sports Research, 오메가3 피쉬 오일, 트리플 스트렝스, 1,250mg, 소프트젤 90정"
pid_124047,"Pendulum, 아커만시아, 캡슐 30정"
pid_118406,"Swanson, NMN, 300 mg, 30 Veggie Capsules"
pid_117776,"Swanson, L. Reuteri Plus, 30 Veggie EMBO Caps AP"
pid_116342,"Swanson, Pterostilbene, 50 mg , 30 Veggie Caps"
pid_116502,"Mild By Nature, 허브 샴푸, 정상 모발용, 473ml(16fl oz)"
pid_118242,"Swanson, Vitamin B12, 500 mcg, 30 Capsules"
pid_121198,"ZUM, Zum Mist, 아로마테라피 룸 & 바디 미스트, 라벤더-레몬 & 파촐리, 118ml(4fl oz)"
pid_117541,"Swanson, 베타카로틴, 25,000IU(7,500mcg RAE), 소프트젤 100정"
pid_118303,"Swanson, L-Carnitine, 500 mg, 30 Tablets"
pid_116512,"Mild By Nature, 비오틴 + 대나무 샴푸, 가는 모발용, 473ml(16fl oz)"
pid_119521,"Swanson, 엽산 5-메틸테트라하이드로폴릭산, 400mcg, 베지 캡슐 30정"
pid_116527,"Mild By Nature, 티트리 및 산자나무 샴푸, 지성 모발용, 473ml(16fl oz)"
pid_121112,"Gerber, 오가닉 포 베이비, 2nd Foods, 사과, 주키니, 시금치, 딸기, 99g(3.5oz)"
pid_123465,"Flintstones, 어린이용 종합비타민, 추가 철분 함유, 츄어블 정 90정"
pid_121496,"Swanson, Artichoke Extract, 250 mg , 60 Capsules"
pid_124049,"Pendulum, Metabolic 데일리, 아커만시아 함유, 캡슐 30정"
pid_119437,"Swanson, Triple Magnesium Complex, 400 mg, 30 Capsules"
pid_117631,"Swanson, 비타민D3, 고효능, 1,000IU(25mcg), 캡슐 30정"
pid_121117,"Gerber, 밀타임 포 토들러, Pick-Ups, 만 12개월 이상, 치즈 및 시금치 라비올리, 170g(6oz)"
pid_120373,"Johnson's Baby, Shea & Cocoa Butter Oil Gel, 6.5 fl oz (192 ml)"
pid_118637,"Swanson, N-Acetyl D-Glucosamine, 750 mg, 60 Veggie Caps"
pid_121548,"Arm & Hammer, 천연 데오드라이저 함유 에센셜, 데오드란트, 오렌지 시트러스, 71g(2.5oz)"
pid_117740,"Swanson, Alpha Lipoic Acid, 50 mg, 120 Capsules"
pid_116503,"Mild By Nature, 비오틴 및 대나무 컨디셔너, 가는 모발용, 473ml(16fl oz)"
pid_119803,"The PUR Company, 츄잉검, 페퍼민트, 55개, 77g(2.72oz)"
pid_122502,"Dr. Emil Nutrition, 스페르미딘, 2.5mg, 캡슐 60정"
pid_121190,"NOW Foods, Triple Strength Astaxanthin, 12 mg, 60 Veggie Softgels"
pid_121284,"Cliganic, 프리미엄 면 화장솜, 100개입"
pid_41790,"Cococare, 코코아 버터 립밤, 4.2g(0.15oz)"
pid_123498,"Happy Family Organics, Happy Baby, 생후 7개월 이상, 유기농 칠면조 채소 & 퀴노아 프라이팬, 99g(3.5oz)"
pid_120970,"FITCODE, Turmeric Curcumin, 500 mg, 90 Veggie Capsules"
pid_119058,"Quest Nutrition, Candy Bites, Gooey Caramel with Peanuts, 8 Bites, 0.74 oz (21 g) Each"
pid_120375,"Johnson's Baby, Oil Gel, Aloe & Vitamin E, 6.5 fl oz (192 ml)"
pid_116703,"NOW Foods, Sports, Creatine Monohydrate, 21.2 oz (600 g)"
pid_109504,"Zahler, 아연 사탕 정제, 생체활성 아연 및 엘더베리, 츄어블 사탕 정제 2정"
pid_117751,"Swanson, Psyllium Husks, 610 mg, 100 Capsules"
pid_49961,"Gerber, 두번째 음식, 오가닉 베이비 푸드, 배 시금치, 3.5 oz (99 g)"
pid_120060,"NOW Foods, l-카르니틴, 1,000mg, 50정"
pid_117948,"Swanson, Mulberry Leaf Extract, 500 mg, 60 Capsules"
pid_120004,"Xlear, Spry, Chewing Gum, Natural Bubblegum, Sugar Free, 100 Pieces"
pid_123486,"Happy Family Organics, Happy Baby, 6+ Months, Organic Broccoli & Carrots with Olive Oil + Garlic, 4 oz (113 g)"
pid_122902,"Mary & May, 트라넥사민산 + 글루타치온 아이 크림, 30g(1.05oz)"
pid_117694,"Swanson, Mega Glucosamine, 750 mg, 120 Capsules"
pid_116509,"Mild By Nature, 아와푸히 생강 및 홀리 바질 샴푸, 가는 모발용, 473ml(16fl oz)"
pid_119046,"Quest Nutrition, Tortilla Style Protein Chips, Chili Lime, 8 Bags, 1.1 oz (32 g) Each"
pid_119061,"Quest Nutrition, Frosted Cookies, Birthday Cake, 8 Cookies, 0.88 oz (25 g) Each"
pid_120957,"FITCODE, 크레아틴1000, 500mg, 베지 캡슐 60정"
pid_120307,"EVLution Nutrition, 100% Isolate Protein, Double Rich Chocolate, 5 lb (2.268 kg)"
pid_121511,"Gerber, 내추럴 포 베이비, 베지 파워, 2nd Foods, 고구마, 망고, 배, 케일, 99g(3.5oz)"
pid_25457,"EcoTools, Bristle Bath Brush, 1 Brush"
pid_120964,"FITCODE, 노루궁뎅이버섯, 500mg, 베지 캡슐 60정"
pid_120631,"Aveeno, Baby, Daily Care Set, 2 Piece Set"
pid_119043,"Quest Nutrition, Original Style Protein Chips, Cheddar & Sour Cream, 8 Bags, 1.1 oz (32 g)"
pid_120645,"Aveeno, Baby, Welcome Little One Gift Basket , 6 Piece Set"
pid_118128,"Swanson, Sensoril Ashwagandha, 125 mg, 120 Capsules"
pid_123248,"MuscleTech, Platinum, 100% Creatine, 100 Veggie Capsules"
pid_92963,"Crest, 3D White, Daily Whitening 2-Step Treatment, 1 Kit"
pid_120356,"Aveeno, Kids, Continuous Protection Zinc Oxide Sunscreen, Sensitive Skin, SPF 50, 3 fl oz (88 ml)"
pid_120183,"Chapter One, Magnesium, Raspberry, 120 Gummies"
pid_121594,"Arm & Hammer, Kids  Healthy Teeth,  Fluoride Anticavity Toothpaste, 2 yrs+ Fruity Bubble, 4.2 oz (119 g)"
pid_119805,"The PUR Company, 껌, 시나몬, 55개, 77g(2.72oz)"
pid_120350,"Neutrogena, Purescreen+ Mineral UV Tint Face Liquid with Vitamin E, Medium, SPF 30, 1.1 fl oz (32 ml)"
pid_114239,"Etude, 세라마이드 뷰티 마스크, 1매, 20ml(0.67fl oz)"
pid_118589,"Swanson, Albion Manganese, 10 mg, 180 Capsules"
pid_119313,"Sprout Organics, PB & Yayz, Organic Snack Sized Sandwich Bar, Peanut Butter & Strawberry, 5 Bars, 1.02 oz (29 g) Each"
pid_122423,"Terry Naturally, Berberine MetX, 500 mg, 60 Capsules"
pid_119804,"The PUR Company, 껌, 버블껌, 55개, 77g(2.72oz)"
pid_119923,"Schmidt's, Natural Deodorant, Rose & Vanilla, 2.65 oz (75 g)"
pid_119935,"SheaMoisture, High Prosperity Moisture Replenish Shampoo, Mongongo & Jojoba Oils, 13 fl oz (384 ml)"
pid_120371,"Johnson's Baby, Aloe & Vitamin E Powder, 9 oz (255 g)"
pid_120374,"Johnson's Baby, Baby Creamy Oil, Aloe & Vitamin E, 8 fl oz (236 ml)"
pid_117561,"Swanson, C-500, 500 mg, 100 Capsules"
pid_97595,"SheaMoisture, Coconut & Hibiscus, Curl & Style Milk,  8 fl oz (237 ml)"
pid_121141,"Crest, 3D Whitestrips, Dental Whitening Kit, Noticeably White, 20 Strips"
pid_118574,"Swanson, Albion Calcium & Magnesium, 60 Capsules"
pid_119031,"Quest Nutrition, Protein Bar, S'Mores, 4 Bars, 2.12 oz (60 g) Each"
pid_120987,"MRM Nutrition, Matcha Green Tea, 60 Vegan Capsules"
pid_119037,"Quest Nutrition, Protein Cookie, Chocolate Chip, 4 Pack, 2.08 oz (59 g) Each"
pid_120948,"FITCODE, 애플 사이다 식초, 베지 캡슐 60정"
pid_120691,"Swanson, Wild Yam Root, 100 Capsules"
pid_118305,"Swanson, Turmeric, Ashwagandha & Ginseng Complex, 60 Capsules"
pid_117738,"Swanson, Soy Isoflavones, Soy Germ Complex, Standardized, 750 mg, 120 Capsules"
pid_120364,"Aveeno, Kids, Hydrating Detangling Spray, 10 fl oz (295 ml)"
pid_120845,"Think, Magnesium Deodorant, Coconut & Pineapple, 2.65 oz (75 g)"
pid_119024,"Quest Nutrition, Protein Bar, Chocolate Chip Cookie Dough, 4 Bars, 2.12 oz (60 g) Each"
pid_119044,"Quest Nutrition, Original Style Protein Chips, Sour Cream & Onion, 8 Bags, 1.1 oz (32 g) Each"
pid_119045,"Quest Nutrition, Tortilla Style Protein Chips, Loaded Taco, 8 Bags, 1.1 oz (32 g) Each"
pid_124584,"Ardell, Wispies, Demi Wispies, 6 Pairs"
pid_120315,"EVLution Nutrition, Pump Mode, Blue Raz, 3 Sticks, 0.3 oz (9.2 g) Each"
pid_121727,"Country Life, Calcium Magnesium Zinc with Vitamin D, 90 Tablets"
pid_119887,"Coffee Mate, Powder Coffee Creamer, Hazelnut, 15 oz (425.2 g)"
pid_100346,"Love Beauty and Planet, Delicious Glow, Hand Cream, Murumuru Butter & Rose Oil, 1 oz (28.3 g)"
pid_121111,"Gerber, Natural for Toddler, 12+ Months, Apple Sweet Potato & Cinnamon, 3.5 oz (99 g)"
pid_123251,"Physicians Formula, Murumuru Butter Blush, Strawberry Jam, 0.19 oz (5.5 g)"
pid_42486,"Nordic Naturals, 조류 오메가, 357.5 mg, 60 소프트젤"
pid_119806,"The PUR Company, Chewing Gum, Wintergreen, 55 Pieces, 2.72 oz (77 g)"
pid_119049,"Quest Nutrition, Tortilla Style Protein Chips, Hot & Spicy, 8 Bags, 1.1 oz (32 g) Each"
pid_120633,"Aveeno, Baby, Eczema Therapy Moisturizing Cream, Fragrance Free, 12 fl oz (354 ml)"
pid_121412,"artnaturals, Salicylic Acid 2% BHA Serum, 1 fl oz (30 ml)"
pid_121503,"NOW Foods, Extra Strength Astaxanthin, 10 mg, 30 Softgels"
pid_118632,"Swanson, Black Yeast Beta Glucan, 30 Veggie Caps"
pid_123487,"Happy Family Organics, Happy Baby, 6+ Months, Organic Squash, Chickpeas & Spinach, 4 oz (113 g)"
pid_117910,"Swanson, Gotu Kola Extract, 100 mg, 120 Capsules"
pid_72716,"MuscleMeds, 카니버 비프 아미노, 100% 순 소고기 단백질, 300정"
pid_119296,"Crest, 3D White, 충치 예방 불소치약, 아이시 클린 민트, 87g(3.1oz)"
pid_74359,"Atkins, 레몬 바, 5 개, 각 1.41 oz (40 g)"
pid_121514,"Gerber, 오가닉 포 토들러, 생후 12개월 이상, 바나나, 딸기, 비트, 오트밀 퓨레, 90g(3.17oz)"
pid_76013,"NutriBiotic, 데오드란트, 녹차 나무, 2.6 oz (75 g)"
pid_115778,"Etude, Dear Darling, Water Lip Tint, Orange Ade, 9.5 g"
pid_123986,"EcoTools, Lathering EcoPouf Bath Sponge, White, 1 Count"
pid_125269,"Advil, Migraine, 200 mg , 80 Liquid Filled Capsules"
pid_121485,"KAL, Potassium 99 Citrate, 99  mg , 100 Tablets"
pid_117719,"Swanson, L-Lysine, 500 mg, 100 Capsules"
pid_120651,"SheaMoisture, Curl & Shine Conditioner, Thick, Curly Hair, Coconut & Hibiscus, 3.2 fl oz (95 ml)"
pid_21606,"Aura Cacia, 100% 순수 에센셜 오일, 시트로넬라 자바, 15ml(0.5fl oz)"
pid_48894,"Badger Company, 뱃져 밤, 거친 손 용, .75 온스 (21 g)"
pid_118167,"Swanson, L-Glutathione with CoQ10, 30 Veggie Caps"
pid_124288,"Idealove, 슈퍼 푸드 스킨 세이비어 시트 마스크, 버라이어티, 뷰티 시트 마스크 7개입, 각 20ml(0.68fl oz)"
pid_80332,"Think !, 프로틴 & 파이버 바, 스모어스, 10개, 각각 1.41 oz (40 g)"
pid_120368,"Johnson's Baby, Baby Oil, 14 fl oz (414 ml)"
pid_115777,"Etude, Dear Darling, Water Tint, Cherry Ade, 9.5 g"
pid_119100,"Trace Minerals ®, Vitamin D3 + K2 Gummies, Strawberry, 60 Gummies"
pid_118100,"Swanson, Nattozimes, 65 mg, 90 Veggie Capsules"
pid_117585,"Swanson, Marshmallow Root, 500 mg, 90 Capsules"
pid_120391,"Nordic Naturals, Vitamin B Complex, 45 Capsules"
pid_117772,"Swanson, Full Spectrum Fennel Seed, 480 mg, 100 Capsules"
pid_119022,"Quest Nutrition, Protein Bar, Birthday Cake, 4 Bars, 2.12 oz (60 g) Each"
pid_119047,"Quest Nutrition, Tortilla Style Protein Chips, Nacho Cheese, 8 Bags, 1.1 oz (32 g ) Each"
pid_120299,"Deva, Vegan Pumpkin Seed Oil, 90 Vegan Caps"
pid_123387,"NutraBio Labs, Copper, 3 mg, 90 Veggie Capsules"
pid_122398,"Dr.ForHair, Scalp Cleansing Brush, 1 Brush"
pid_123798,"Trace Minerals ®, Ionic D3 + K2, 2 fl oz (59 ml)"
pid_123495,"Happy Family Organics, Happy Baby, Brain Support Blends, 6+ Months, Organic Bananas, Spinach, Passion Fruit & Oats, 4 oz (113 g)"
pid_123987,"EcoTools, Buff + Polish Bath Brush, 1 Brush"
pid_120525,"Acure, Seriously Soothing, SPF Day Cream, SPF 30, 1.7 fl oz (50 ml)"
pid_119028,"Quest Nutrition, Protein Bar, Cookies & Cream, 4 Bars, 2.12 oz (60 g) Each"
pid_62628,"Optimum Nutrition, Gold Standard 운동 전 보충제, 수박 캔디 맛, 300g(10.58oz)"
pid_84496,"Johnson's Baby, Cottontouch, 신생아용 얼굴 및 바디 로션, 400ml(13.6fl oz)"
pid_123826,"Crest, Pro-Health, Fluoride Toothpaste, Whitening, 4.3 oz (121 g)"
pid_121263,"Cliganic, 100% Pure & Natural, Jojoba Oil, 16 fl oz (473 ml)"
pid_121597,"Thorne, Prenatal DHA, 60 Gelcaps"
pid_118322,"Swanson, Acerola, 500 mg, 60 Capsules"
pid_122073,"Kitsch, Deep-Moisturizing Solid Conditioner, White Tea & Coconut , 2.7 oz (77 g)"
pid_123491,"Happy Family Organics, Happy Tot, Oatmilk Pudding, Stage 4, Organic Oatmilk, Mangos, Pineapples & Coconutmilk, 4 oz (113 g)"
pid_123494,"Happy Family Organics, Happy Baby, 두뇌 지원 혼합물, 생후 6개월 이상, 유기농 사과, 자색 당근 & 구아바, 113g(4oz)"
pid_119312,"Sprout Organics, PB & Yayz, Organic Snack Sized Sandwich Bar, Peanut Butter & Banana, 5 Bars, 1.02 oz (29 g) Each"
pid_84501,"Johnson's Baby, 코튼터치, 뉴본 와시 & 샴푸, 400ml(13.6fl oz)"
pid_117739,"Swanson, Pregnenolone, 10 mg, 90 Capsules"
pid_119922,"Schmidt's, Natural Deodorant, Bergamot & Lime, 2.65 oz (75 g)"
pid_123984,"EcoTools, Oil-Absorbing Roller, 1 Roller"
pid_118652,"Swanson, Lutein, High Potency, 20 mg, 60 Softgels"
pid_119038,"Quest Nutrition, Protein Cookie, Double Chocolate Chip, 4 Pack, 2.08 oz (59 g) Each"
pid_118380,"Swanson, Buffered Vitamin C, 500 mg, 250 Tablets"
pid_82958,"Zahler, Magnesium, Bioactive Magnesium Citrate, 200 mg, 120 Capsules"
pid_18394,"Badger Company, 코코아 버터 립 밤, 스위트 오렌지, .25 온스 (7 g)"
pid_25458,"EcoTools, Loofah Bath Brush, 1 Brush"
pid_125272,"Advil, PM, Ibuprofen, 200 mg , 120 Coated Caplets"
pid_122738,"Nature's Truth, Turmeric Curcumin Complex Plus BioPerine Black Pepper Extract, Standardized, 1,000 mg, 90 Quick Release Capsules"
pid_122058,"Giovanni, Biotin & Collagen Hair Oil, Rebonding & Restoring, 1.9 fl oz (56 ml)"
pid_121152,"NaturesPlus, Quercetin Plus, 60 Tablets"
pid_117688,"Swanson, Full Spectrum Sceletium Tortuosum, 50 mg, 60 Veggie Caps"
pid_119026,"Quest Nutrition, Protein Bar, Chocolate Peanut Butter, 4 Bars, 2.12 oz (60 g) Each"
pid_102814,"SheaMoisture, Curl Stretch Pudding, Red Palm Oil & Cocoa Butter, 11.5 oz (326 g)"
pid_120099,"Advanced Clinicals, Collagen Lifting Body Oil, 3.8 fl oz (112 ml)"
pid_81313,"Arm & Hammer, Essentials 천연 탈취제, 데오도란트, 프레시 로즈메리 라벤더, 트윈 팩, 팩당 71g(2.5oz)"
pid_120966,"FITCODE, 밀크시슬, 300mg, 베지 캡슐 60정"
pid_121194,"ZUM, Zum Bar, Goat's Milk Soap, Frankincense-Patchouli, 3 oz"
pid_118186,"Swanson, Vitamin B12, 60 Lozenges"
pid_117230,"Cetaphil, Healthy Radiance, Gentle PHA Exfoliating Cleanser, 4.2 fl oz (124 ml)"
pid_119025,"Quest Nutrition, Protein Bar, Chocolate Brownie, 4 Bars, 2.12 oz (60 g) Each"
pid_69966,"Happy Family Organics, 해피 토트, 섬유소 및 단백질, 과일과 채소의 혼합, 4단계, 4oz(113g)"
pid_121469,"KAL, Cal/Mag/Zinc, High Potency , 100 Tablets"
pid_118031,"Swanson, Asparagus Extract, 60 Veggie Caps"
pid_125657,"Power Up Premium Trail Mix, 31 oz (369 g)"
pid_23987,"Badger Company, 유기농, 립밤, 바닐라 마다가스카르, 4.2g(0.15oz)"
pid_17824,"Nature's Way, Biotin Forte, 60정"
pid_55624,"Happy Family Organics, Happytot, 슈퍼푸드, 유기농 배, 비트 & 블루베리 + 슈퍼 치아, 4.22 oz(120 g)"
pid_120763,"Mommy's Bliss, Baby, Organic Cough Syrup & Mucus, Day/Night Pack, Age 4 Months+, 2 Pack, 1.67 fl oz (50 ml) Each"
pid_121124,"Wild Planet, SkipJack Solid Light Wild Tuna in Pure Olive Oil, 2.82 oz (80 g)"
pid_112419,"California Gold Nutrition, Ultamins, CoQ10 함유 남성용 종합비타민, 버섯, 효소, 채소, 베리 함유, 베지 캡슐 60정"
pid_118651,"Swanson, Lutein & Bilberry, 60 Softgels"
pid_123466,"Flintstones, Children´s Multivitamin, Plus Immunity Support, 90 Chewable Tablets"
pid_117736,"Swanson, Pycnogenol, 50 mg, 50 Capsules"
pid_120601,"Babo Botanicals, Swim & Sport, Mineral Sunscreen Spray, SPF 30, 6 fl oz (177 ml)"
pid_121192,"ZUM, Zum Bar, Goat's Milk Soap, Dragon's Blood , 3 oz"
pid_121267,"Cliganic, 100% Pure & Natural, Moringa Oil, 2 fl oz (60 ml)"
pid_119060,"Quest Nutrition, Frosted Cookies, Birthday Cake, 8 Cookies, 0.88 oz (25 g) Each"
pid_119433,"Swanson, Blackstrap Molasses With Iron, 120 Capsules"
pid_119512,"Swanson, Full Effect Hair Thickener, 60 Capsules"
pid_120967,"FITCODE, 퀘르세틴, 500mg, 베지 캡슐 30정"
pid_118295,"Swanson, Full Spectrum Green Coffee Bean, 400 mg, 60 Capsules"
pid_120619,"Think !, Protein+ 150 Calorie Bars, Chocolate Chip, 10 Bars, 1.41 oz (40 g) Each"
pid_120956,"FITCODE, 크레아틴, 무맛, 5g, 300g (10.6 oz)"
pid_121204,"ZUM, Tub, Epsom & Sea Salt, 2 oz (56 g)"
pid_125061,"Best Naturals, Chromium Picolinate, 1,000 mcg, 240 Tablets"
pid_118180,"Swanson, Ribose, 750 mg, 60 Veggie Capsules"
pid_118488,"Swanson, LipoSan Ultra Chitosan, 500 mg , 240 Caplets"
pid_119874,"Pillsbury, Zero Sugar, Premium Cake Mix, Classic Yellow, 16 oz (454 g)"
pid_119875,"Pillsbury, Zero Sugar, Premium Cake Mix, Devil's Food, 16 oz (454 g)"
pid_119927,"Schmidt's, Natural Deodorant, Cactus Flower & Pear, 2.65 oz (75 g)"
pid_119029,"Quest Nutrition, Protein Bar, Double Chocolate Chunk, 4 Bars, 2.12 oz (60 g) Each"
pid_122077,"Kitsch, Purple Toning Solid Conditioner, Biotin, Orange Blossom & Jasmine, 2.7 oz (77 g)"
pid_121486,"KAL, Lecithin , 1,200 mg, 50 Softgels"
pid_124230,"Momofuku, Chili Crunch, Extra Spicy, 5.5 oz (155 g)"
pid_120672,"SheaMoisture, Anti-Dandruff Shampoo, Apple Cider Vinegar, 13 fl oz (384 ml)"
pid_124287,"Idealove, 슈퍼 푸드 스킨 세이비어, 포 러브 앤 허니, 뷰티 시트 마스크 5개입, 각 20ml(0.68fl oz)"
pid_121009,"Cococare, Aloe Vera Lip Balm, 0.15 oz (4.2 g)"
pid_122733,"Nature's Truth, Electrolyte Hydration + B Vitamins, Powder Mix, Lemon, 4.3 oz (121 g)"
pid_117150,"NOW Foods, Full Spectrum Mineral Caps, 120 Veg Capsules"
pid_120347,"Neutrogena, Oil-Free Acne Moisturizer, Pink Grapefruit, 4 fl oz (118 ml)"
pid_84420,"Gerber, Natural for Baby, 2nd Foods, Pea, 2 Pack, 4 oz (113 g) Each"
pid_106852,"Etude, 컬러 마이 브로우즈, 01 리치 브라운, 4.5g(0.15oz)"
pid_119050,"Quest Nutrition, Protein Powder, Cinnamon Crunch, 1.6 lb (726 g)"
pid_118555,"Swanson, Digestitol with Enzymes & Bioperine, 60 Capsules"
pid_120382,"Neosporin, Pain + Itch + Scar Ointment, 0.5 oz (14.2 g)"
pid_121373,"Mielle, Anti-Frizz Slip & Seal Leave-In Conditioner, Avocado & Tamanu , 8 fl oz (237 ml)"
pid_122056,"Giovanni, Biotin & Collagen Strengthening Leave-In Conditioner, 8.5 fl oz (250 ml)"
pid_120653,"SheaMoisture, Raw Shea Butter, Deep Moisturizing Leave-In Conditioner, Curly to Coily Hair, 11.5 fl oz (340 ml)"
pid_29273,"ZUM, 줌 바, 산양유 비누, 오트밀 라벤더, 3 oz  각비누"
pid_85699,"Neutrogena, 딥 크린, 페이셜 클린저, 6.7 fl oz (200 ml)"
pid_120858,"Force Factor, 콜라겐 강화 슈퍼 푸드, 트로피컬 과일 맛, 슈퍼 푸드 소프트츄 60개"
pid_120682,"Swanson, Vitamins A and D, 250 Softgels"
pid_121976,"ATTITUDE, Super Leaves Science, Shampoo, Unscented, 16 fl oz (473 ml)"
pid_122057,"Giovanni, Biotin & Collagen Restoring Hair Mask, 10 fl oz (295 ml)"
pid_123792,"Trace Minerals ®, Ionic Biotin + Collagen, Strawberry Mango, 75,000 mcg, 2 fl oz (59 ml)"
pid_119926,"Schmidt's, Natural Deodorant, Grapefruit & Apricot, 2.65 oz (75 g)"
pid_119040,"Quest Nutrition, Protein Cookie, Peanut Butter, 4 Pack, 2.04 oz (58 g) Each"
pid_120089,"NOW Foods, Real Food, 통견과, 무가공 캐슈, 무염, 284g(10oz)"
pid_119325,"Dermal, 콜라겐 에센스 뷰티 마스크, 미백, 종합팩, 시트 10매, 각 23g(0.81oz)"
pid_69218,"Cococare, 코코넛 립밤, .15 oz (4.2 g)"
pid_77798,"Laird Superfood, 인스타퓨얼, 프리미엄 인스턴트 커피 + 레어드 슈퍼푸드 크리머, 8 oz (227 g)"
pid_84544,"Best Naturals, 베타인 HCL, 648mg, 250캡슐"
pid_107105,"Gerber, Natural For Baby, Green Bean, Sitter, 2 Pack, 4 oz (113 g) Each"
pid_118173,"Swanson, B12 with Folate, Sugar Free, Strawberry, 60 Lozenges"
pid_122072,"Kitsch, Hydrating Solid Conditioner Bar, Sugared Amber & Shea, 2.7 oz (77 g)"
pid_119048,"Quest Nutrition, Tortilla Style Protein Chips, Ranch, 8 Bags, 1.1 oz (32 g) Each"
pid_119933,"SheaMoisture, Grapeseed Oil & Tea Tree Oils, Low Porosity Weightless Hydrating Shampoo, 13 fl oz (384 ml)"
pid_117564,"Swanson, L-Proline, 500 mg, 100 Capsules"
pid_82180,"Advanced Clinicals, Cracked Heel, Rough Sport Cream, 8 fl oz (237 ml)"
pid_29275,"ZUM, 줌 바, 산양유 비누, 파촐리, 3 oz  각비누"
pid_122404,"Dr.ForHair, Unove, No-Wash Water Ampoule Treatment, 6.76 fl oz (200 ml)"
pid_122544,"Dove, Beauty Bar Soap, Shea Butter &  Vanilla, 2 Bars, 3.75 oz (106 g) Each"
pid_121498,"Swanson, AuroraBlue Wild Alaska Blueberry Complex, 200 mg, 30 Veggie Caps"
pid_121163,"NaturesPlus, Bromelain, 500 mg, 60 Tablets"
pid_123269,"Physicians Formula, Skin Booster Vitamin Shot, Brightening, 1 fl oz (30 ml)"
pid_116712,"Protocol for Life Balance, Vitamin A, 7,500 mcg (25,000 IU), 100 Softgels"
pid_29277,"ZUM, Zum Bar, 산양유 비누, 로즈메리 민트, 3oz"
pid_118120,"Swanson, Arginine AKG, 1 g, 90 Capsules"
pid_118361,"Swanson, Glucosamine Sulfate 2KCI, 250 Capsules"
pid_118389,"Swanson, GTF Chromium , 100 mcg , 200 Capsules"
pid_119981,"ALLMAX, 아슈와간다 KSM-66, 300mg, 베지 캡슐 60정"
pid_119007,"Atkins, Protein Chips, Nacho Cheese, 8 Bags, 1.1 oz (32 g) Each"
pid_117807,"Swanson, Full Spectrum Papaya Leaf, 400 mg, 60 Capsules"
pid_117811,"Swanson, 아스파르트산칼륨, 99mg, 캡슐 60정"
pid_117822,"Swanson, D Complex With Vitamins D2 and D3, 2,000 IU (50 mcg) , 60 Veggie Caps"
pid_86245,"Dang, 케토 바, 바다 소금 함유 크레이지 리치 초콜릿, 12개입, 개당 40g(1.4oz)"
pid_121411,"Jovial, 유기농 사워도우 외알밀 크래커, 에브리싱, 128g(4.5oz)"
pid_121515,"Wilderness Poets, Miso Nooch, Furikake Umami Seasoning, 2.25 oz (64 g)"
pid_18391,"Badger Company, 립밤, 귤 향, 4.2g(.15oz)"
pid_121522,"Wilderness Poets, Pine Nuts, 3.5 oz (99 g)"
pid_12263,"Xlear, 자일로-스위트, 100 패킷, 각 4 g"
pid_81282,"Orgain, 목초 사육 유청 단백질 파우더, 바닐라 씨앗, 1.82 lbs (828 g)"
pid_120761,"Mommy's Bliss, Reset My Body, Postnatal Support, Natural Lemon, 60 Gummies"
pid_122224,"Renpure, Shea Butter & Vanilla, Deeply Moisturizing Body Wash, 24 fl oz (710 ml)"
pid_122394,"Dr.ForHair, Folligen Treatment, Silk, 10.14 fl oz (300 ml)"
pid_122420,"Terry Naturally, Ashwagandha EP35 Extra Strength, 60 Capsules"
pid_121173,"NaturesPlus, Children's Animal Parade Gold Multivitamin Liquid, Tropical Berry, 16 fl oz (473.18 ml)"
pid_121193,"ZUM, Zum Bar, Goat's Milk Soap, Frankincense-Lavender, 3 oz"
pid_121196,"ZUM, Zum Bar, Goat's Milk Soap, Lavender-Rosemary, 3 oz"
pid_123282,"Physicians Formula, Butter Dream Team, Face Palette, 1 Palette"
pid_124314,"Jovial, Organic Gluten Free, Dairy Free, Vegan Mac, 6 oz (170 g)"
pid_123490,"Happy Family Organics, Happy Tot, Oatmilk Pudding, Stage 4, Organic Oatmilk, Bananas & Blueberries, 4 oz (113 g)"
pid_118307,"Swanson, Turmeric, Hawthorn and Cayenne, 60 Capsules"
pid_117658,"Swanson, Passion Flower Liquid Extract, Alcohol & Sugar Free, 1 fl oz (29.6 ml)"
pid_119878,"Pillsbury, Zero Sugar, Brownie Mix, Chocolate Fudge, 12.35 oz (350 g)"
pid_119925,"Schmidt's, Natural Deodorant, Clean Coconut, 2.65 oz (75 g)"
pid_119041,"Quest Nutrition, Protein Cookie, Snickerdoodle, 4 Pack, 2.04 oz (58 g) Each"
pid_119051,"Quest Nutrition, Protein Powder, Cookies & Cream, 1.6 lb (726 g)"
pid_120372,"Johnson's Baby, Creamy Oil, Shea & Cocoa Butter, 8 fl oz (236 ml)"
pid_120381,"Neosporin, First Aid Antibiotic Ointment, Original, 0.5 oz (14.2 g)"
pid_66795,"Twinings, 차이 티, 프렌치 바닐라, 20 티백, 1.41oz(40g)"
pid_76646,"Zahler, Junior D3, 고급 비타민 D3 포뮬러, 오렌지, 1,000 IU, 120 씹어먹는 정제"
pid_121894,"Comvita, 벌꿀 프로폴리스 구강 스프레이,  UMF 10+, 20ml(0.7fl oz)"
pid_120557,"The Doux, Mousse Def, Texture Foam, 7 fl oz (207 ml)"
pid_120355,"Neutrogena, Hydro Boost Hand Gel Cream With Hyaluronic Acid, 3 oz (85 g)"
pid_125074,"Best Naturals, Magnesium Oxide, 500 mg , 180 Tablets"
pid_96581,"Natierra, 유기농 건조, 망고 치크, 8 oz(227 g)"
pid_124284,"Idealove, 슈퍼 푸드 스킨 세이비어, 렛츠 아보 굿 타임, 뷰티 시트 마스크 5개입, 각 20ml(0.68fl oz)"
pid_124937,"Solaray, True Herbs, Cayenne, 515 mg, 100 VegCaps"
pid_121778,"Live Conscious, Collagen Peptides, Unflavored, 7.8 oz (220 g)"
pid_83975,"Arm & Hammer, 울트라맥스(UltraMax), 땀억제 고형 데오도란트, 남성용, 후레쉬, 트윈팩, 개당 73g (2.6 oz)"
pid_39757,"ZUM, 줌 미스트, 방과 몸에 뿌리는 아로마테라피 미스트, 바다 소금 향, 4 fl oz"
pid_122884,"Mary & May, Collagen Peptide, Vital Beauty Mask, 30 Sheets , 14.1 oz (400 g) Each"
pid_122171,"Twinings, Pure Black Tea, English Breakfast, Extra Bold, 20 Tea Bags, 1.76 oz (50 g)"
pid_121641,"CodeAge, Liposomal Multi Amino+, Centurion, 240 Capsules"
pid_121136,"Crest, Pro-Health, Gun Detoxify, Fluoride Toothpaste, Deep Clean, 3.7 oz (104 g)"
pid_124110,"Nutricost, Vitamin E, 400 IU, 240 Softgels"
pid_123049,"Gaia Herbs, Liver Cleanse Herbal Tea, Caffeine Free, 16 Tea Bags, 1.13 oz (32 g)"
pid_118269,"Swanson, Pepsin & Okra, 90 Capsules"
pid_118332,"Swanson, Huperzine A, 50 mcg, 60 Capsules"
pid_118587,"Swanson, Anti-Gas Enzyme, High Potency Blend, 90 Veggie Caps"
pid_123905,"Solaray, Enhanced Absorption, Calcium Magnesium, 90 Capsules"
pid_73040,"Badger Company, 유기농 벨리 버터, 코코아 버터 & 카렌듀라, 56g (2온스)"
pid_117228,"Cetaphil, 헬시 래디언스, 리뉴잉 크림, 48g(1.7oz)"
pid_42482,"Real Techniques, 전문가 페이스 브러쉬, 베이스, 브러쉬 1개"
pid_124286,"Idealove, 슈퍼 푸드 스킨 세이비어, 아사이 유 체킹 미 아웃, 뷰티 시트 마스크 5개입, 각 20ml(0.68fl oz)"
pid_30846,"Frontier Co-op, 컷 & 시프티드 아황산염 무첨가우엉 뿌리 인삼 뿌리, 16 온스 (453 g)"
pid_116203,"Goodal, Green Tangerine Vita-C Toner Pad+, 70 Pads"
pid_85482,"NutriBiotic, 자몽씨 추출물과 에센셜 오일이 함유된 바디 & 풋 파우더, 시트러스 민트, 113g(4oz)"
pid_80252,"Orajel, 모든 구강 통증을 즉시 해소하는 빠른 효과 젤, 11.9g(0.42oz)"
pid_90833,"Summer's Eve, 5가지를 1개에 담은 바디 파우더, Island Splash, 8oz(226g)"
pid_120841,"Thinkbaby, Clear Zinc Sunscreen, SPF 30, 3 fl oz (89 ml)"
pid_120947,"FITCODE, 아피제닌, 50mg, 캡슐 30정"
pid_121010,"Cococare, Vitamin E Lip Balm, 0.15 oz (4.2 g)"
pid_120365,"Johnson's Baby, Baby Shampoo, 13.6 fl oz (400 ml)"
pid_120384,"Lubriderm, Advanced Therapy, Moisturizing Cream, Fragrance Free, 16 oz (453 g)"
pid_122665,"Seeking Health, ProBiota HistaminX, Powder, 25 Billion CFU, 0.78 oz (22.23 g)"
pid_122699,"Nature's Path, Organic, Honey'd Corn Flakes Cereal, 10.6 oz (300 g)"
pid_121604,"SteelFit, Abs of Steel, Maximum Definition Cream, 3.4 fl oz (100 ml)"
pid_124081,"Nutricost, L-Carnitine Tartrate, 500 mg, 240 Capsules"
pid_119574,"NATURELO, Magnesium Glycinate Chelate Complex, 240 Vegetarian Capsules"
pid_119009,"Atkins, Protein Chips, Chipotle BBQ, 8 Bags, 1.1 oz (32 g) Each"
pid_119030,"Quest Nutrition, Protein Bar, Oatmeal Chocolate Chip, 4 Bars, 2.12 oz (60 g) Each"
pid_120239,"Garden of Life, Vitamin Code Gummies, Vitamins D3 & K2, Raspberry Lemon, 45 Gummies"
pid_118478,"Swanson, Immunobiotic, Immuno-LP20, 30 Veggie Caps"
pid_123492,"Happy Family Organics, Happy Tot, Fruity Sticks, Organic Strawberry, 2.54 oz (72 g)"
pid_100857,"Physicians Formula, Rose Kiss All Day, Velvet Lip Color, First Kiss, 0.15 oz (4.3 g)"
pid_117780,"Swanson, Full Spectrum Pomegranate, Whole Fruit & Seed, 60 Capsules"
pid_29270,"ZUM, 줌 바, 염소 우유 비누, 라벤더-민트, 바 3oz"
pid_122608,"Tresemme, Keratin Repair Hair Shampoo, 28 oz, (828 mL)"
pid_18393,"Badger Company, 오가닉, 립 밤, 하이랜드 민트, .15 온즈 (4.2 g)"
pid_122079,"Kitsch, Exfoliating Solid Body Scrub, Sugar, Brown Sugar & Vanilla Bean, 4 oz (113 g)"
pid_100310,"SheaMoisture, Raw Shea Butter, Deep Moisturizer Detangler, 8 fl oz (237 ml)"
pid_13284,"NOW Foods, 에센셜 오일, 발삼전나무 잎, 30ml(1fl oz)"
pid_56266,"GoStak, 휴대 가능한 연결 용기, 블랙, 스타터 4 팩 구성"
pid_49177,"Cococare, 100% Castor Oil, 4 fl oz (118 ml)"
pid_72124,"NaturesPlus, Kalmassure, 마그네슘 분말, 오렌지 맛, 400mg, 522g(1.15lbs)"
pid_125149,"Skinfood, Mint Spa Foot Peeling Socks, 2 Socks, 20 g"
pid_125273,"Advil, PM, Liqui-Gels, 80 Capsules"
pid_125298,"Emergen-C, Ashwagandha, Berry Blend, 18 Packets, 0.32 oz (9.2 g) Each"
pid_124583,"Solaray, L-Glutathione, 50 mg, 60 VegCaps"
pid_121775,"Live Conscious, Beyond Collagen,  With Biotin & Vitamin C, 15 oz (427 g)"
pid_121808,"Mason Natural, Whole Herb Korean Ginseng , 1,000 mg , 60 Tablets"
pid_122465,"Seven Minerals, Pure Magnesium Oil, 12 fl oz (355 ml)"
pid_121507,"Gerber, Natural for Baby, Wonder Foods, 2nd Foods, Banana, 3.5 oz (99 g)"
pid_121595,"Arm & Hammer, Whiten & Strengthen, Essential Fluoride Toothpaste, Fresh Mint, 4.3 oz (121 g)"
pid_121118,"Moon Cheese, Garlickin' Parmesan, 1 oz (28.3 g)"
pid_121202,"ZUM, Zum Tub, Frankincense & Myrrh, 2 oz (56 g)"
pid_125071,"Best Naturals, Natural Lactase Enzyme, 9,000 FCC ALU, 180 Tablets"
pid_125086,"Best Naturals, Inositol, 1 lb (454 g)"
pid_123631,"Terra Origin, Healthy Stress Relief, 60 Capsules"
pid_123835,"pHisoderm, Anti-Blemish Gel Cleanser, Combination to Oily Skin, 6 fl oz (177 ml)"
pid_119886,"Carnation Milk, Lactose-Free Evaporated Milk, 11 fl oz (325 ml)"
pid_119930,"SheaMoisture, Edge Gel, Coconut & Hibiscus + Flaxseed, 3.5 oz (99 g)"
pid_119952,"NutraChamps, Iodine Liquid Drops, Unflavored, 2 fl oz (60 ml)"
pid_118179,"Swanson, Bromelain, 500 mg, 60 Veggie Capsules"
pid_119027,"Quest Nutrition, Protein Bar, Chocolate Sprinkled Doughnut, 4 Bars, 2.12 oz (60 g) Each"
pid_120090,"NOW Foods, Real Food, 캐슈, 천일염으로 살짝 볶음, 284g(10oz)"
pid_120123,"PEScience, Select Protein, Amazing Gourmet Vanilla, 1.85 lbs (837 g)"
pid_117826,"Swanson, Probiotic, 20 Billion CFU, 60 Veggie Capsules"
pid_123499,"Happy Family Organics, Happy Baby, Organic Sweet Potato & Coconut Curry, 9+ Months, 4 oz (113 g)"
pid_123510,"Viviscal, Man Advanced Hair Health, 60 Tablets"
pid_123291,"Physicians Formula, Diamond Plumper, Mineral Wear Lip Plumber, Pink Radiant Cut, 0.17 oz (5 ml)"
pid_119612,"Some By Mi, Propolis B5, 4.05 fl oz (120 ml)"
pid_125004,"O'Keeffe's, Lip Repair, Lip Balm, Unscented, 2 Sticks, 0.15 oz (4.2 g) Each"
pid_70140,"KAL, 글루코사민 콘드로이틴 MSM, 나트륨 없음, 90정"
pid_121375,"Mielle, Anti-Frizz Shampoo, Avocado & Tamanu, 12 fl oz (355 ml)"
pid_81281,"Orgain, 목초 사욕 유청 단백질 파우더, 크리미 초콜릿 퍼지, 1.82 lbs (828 g)"
pid_23608,"Solaray, Chromium Picolinate, 200 mcg, 200 Tablets"
pid_23727,"SunButter, 유기농 해바라기 씨 버터, 16 oz (454 g)"
pid_73708,"Solaray, 산사나무 (Hawthorn) 하루 1정, 30 식물성 캡슐"
pid_98325,"Cottons, 100% 천연 면 탐폰, 레귤러, 무향, 탐폰 16개"
pid_68097,"Lubriderm, Intense Skin Repair Lotion, 16 fl oz (473 ml)"
pid_72437,"Wilderness Poets, Roasted and Salted Pistachios, 8 oz, (226.8 g)"
pid_34749,"Aura Cacia, 아로마테라피 폼 배스, 피스풀 파촐리 & 스위트 오렌지, 70.9g(2.5oz)"
pid_120984,"Pure Body Naturals, 100% Pure & Natural Kaolin Clay, 3.5 oz (100 g)"
pid_120591,"NB Pure, Methyl Folate, 1 fl oz"
pid_120671,"SheaMoisture, Scalp Moisture Conditioner, Aloe Butter, 13 fl oz (384 ml)"
pid_120431,"Pyunkang Yul, Low pH Scalp Treatment, 9.8 fl oz (290 ml)"
pid_122018,"Azo, D-Mannose Gummies, Citrus Blast, 40 Gummies"
pid_121502,"NOW Foods, Pets UC-II Advanced Joint Mobility for Dogs/Cats, 60 Chewable Tablets, 2.12 oz (60 g)"
pid_121640,"CodeAge, Liposomal L-Carnitine+, 90 Capsules"
pid_121133,"Crest, Complete Plus Scope, Fluoride Toothpaste, Minty Fresh Liquid Gel, 4.6 oz (130 g)"
